Date,Open,High,Low,Close,Adj Close,Volume,3day_before_change
2020-08-04,11.41,11.7,11.32,11.57,11.57,1915500,1.0185
2020-08-03,11.25,11.635,11.223,11.51,11.51,3437600,1.0026
2020-07-31,11.41,11.42,10.99,11.27,11.27,3848500,1.0135
2020-07-30,11.3,11.43,11.08,11.36,11.36,2919100,0.9895
2020-07-29,11.29,11.54,11.26,11.48,11.48,2558500,1.0079
2020-07-28,11.42,11.46,11.12,11.12,11.12,2713200,0.9636
2020-07-27,11.49,11.49,11.14,11.48,11.48,3212200,0.9812
2020-07-24,11.36,11.55,11.19,11.39,11.39,4355300,0.9879
2020-07-23,11.65,11.95,11.372,11.54,11.54,4896300,0.9788
2020-07-22,11.55,11.88,11.535,11.7,11.7,3629300,1.013
2020-07-21,11.94,11.99,11.49,11.53,11.53,4318900,1.0044
2020-07-20,11.55,11.815,11.354,11.79,11.79,3262400,1.019
2020-07-17,11.54,11.65,11.33,11.55,11.55,2725800,0.9991
2020-07-16,11.35,11.73,11.245,11.48,11.48,4797700,1.0115
2020-07-15,11.58,11.63,11.39,11.57,11.57,4085500,0.9331
2020-07-14,11.21,11.61,10.97,11.56,11.56,5627300,0.9414
2020-07-13,12.45,12.56,11.34,11.35,11.35,8332700,0.908
2020-07-10,12.24,12.66,12.206,12.4,12.4,5813800,1.0464
2020-07-09,12.6,12.68,11.912,12.28,12.28,5053200,1.0319
2020-07-08,11.91,12.52,11.9,12.5,12.5,7885800,1.0187
2020-07-07,11.81,12.32,11.78,11.85,11.85,5019100,0.9572
2020-07-06,12.45,12.53,11.76,11.9,11.9,7576800,0.9355
2020-07-02,12.53,12.74,12.22,12.27,12.27,5367400,0.9468
2020-07-01,12.7,12.819,12.315,12.38,12.38,5519300,0.9043
2020-06-30,12.87,12.98,12.55,12.72,12.72,8050700,0.9695
2020-06-29,13.5,13.58,12.73,12.96,12.96,7679000,1.0773
2020-06-26,13.13,13.79,12.835,13.69,13.69,18465400,1.0814
2020-06-25,12.04,13.15,12.01,13.12,13.12,13429100,1.038
2020-06-24,12.56,12.67,11.84,12.03,12.03,7682900,0.9391
2020-06-23,12.7,13.09,12.65,12.66,12.66,5839700,0.9234
2020-06-22,12.86,12.92,12.47,12.64,12.64,6644400,1.0
2020-06-19,13.77,13.85,12.785,12.81,12.81,26340600,1.0449
2020-06-18,12.8,13.93,12.68,13.71,13.71,21562800,1.0778
2020-06-17,12.41,12.975,12.31,12.64,12.64,8243100,1.0897
2020-06-16,12.82,12.94,11.975,12.26,12.26,12902500,1.1025
2020-06-15,11.3,12.92,11.23,12.72,12.72,17180900,1.0798
2020-06-12,11.46,11.85,11.185,11.6,11.6,7957400,0.9667
2020-06-11,11.26,11.64,11.01,11.12,11.12,8438700,1.0999
2020-06-10,12.11,12.29,11.5,11.78,11.78,15003300,1.1947
2020-06-09,9.87,12.4,9.68,12.0,12.0,44039400,1.1111
2020-06-08,9.92,10.4,9.81,10.11,10.11,7603700,0.8153
2020-06-05,10.67,10.79,9.81,9.86,9.86,13883600,0.8772
2020-06-04,10.94,11.5,10.705,10.8,10.8,18680600,0.9854
2020-06-03,11.8,12.5,11.55,12.4,12.4,21942700,1.2098
2020-06-02,11.47,11.48,10.61,11.24,11.24,11391500,1.1469
2020-06-01,10.5,11.245,10.34,10.96,10.96,11769100,1.1172
2020-05-29,9.9,10.3,9.81,10.25,10.25,4594800,1.0502
2020-05-28,9.9,10.14,9.73,9.8,9.8,2737200,1.0166
2020-05-27,9.9,9.91,9.259,9.81,9.81,3424800,1.0315
2020-05-26,10.0,10.04,9.725,9.76,9.76,3030400,1.0394
2020-05-22,9.55,9.655,9.4,9.64,9.64,1852200,1.1145
2020-05-21,9.38,9.58,9.154,9.51,9.51,3227300,1.1045
2020-05-20,8.9,9.43,8.86,9.39,9.39,4354600,1.1179
2020-05-19,8.62,8.957,8.605,8.65,8.65,3433500,1.0908
2020-05-18,8.6,8.78,8.515,8.61,8.61,3545100,1.0643
2020-05-15,7.83,8.47,7.79,8.4,8.4,3862000,1.0084
2020-05-14,7.92,7.98,7.73,7.93,7.93,2880200,0.9297
2020-05-13,8.31,8.336,7.77,8.09,8.09,2667300,0.9385
2020-05-12,8.65,8.73,8.33,8.33,8.33,2753200,0.9917
2020-05-11,8.53,8.67,8.38,8.53,8.53,2462000,1.0757
2020-05-08,8.66,8.68,8.44,8.62,8.62,2706500,1.1094
2020-05-07,8.16,8.47,8.085,8.4,8.4,2839900,1.0895
2020-05-06,7.88,8.03,7.75,7.93,7.93,2023400,1.0051
2020-05-05,7.94,8.02,7.75,7.77,7.77,2070200,0.9384
2020-05-04,7.79,7.96,7.61,7.71,7.71,1800600,0.9245
2020-05-01,8.02,8.095,7.73,7.89,7.89,2622500,0.9887
2020-04-30,8.24,8.61,8.084,8.28,8.28,2652700,1.0615
2020-04-29,8.2,8.475,8.05,8.34,8.34,3940700,1.0651
2020-04-28,7.95,8.09,7.56,7.98,7.98,4069400,1.0337
2020-04-27,7.92,7.99,7.72,7.8,7.8,2617700,1.0091
2020-04-24,7.76,7.9,7.68,7.83,7.83,1446500,1.0581
2020-04-23,7.76,7.95,7.69,7.72,7.72,1559200,0.991
2020-04-22,7.6,7.83,7.51,7.73,7.73,2581900,1.0026
2020-04-21,7.55,7.62,7.235,7.4,7.4,2955000,0.9933
2020-04-20,7.63,7.87,7.61,7.79,7.79,2668400,1.025
2020-04-17,7.65,7.881,7.58,7.71,7.71,3518700,0.9872
2020-04-16,7.67,7.7,7.19,7.45,7.45,3745700,0.9324
2020-04-15,7.57,7.7,7.36,7.6,7.6,4928100,0.9113
2020-04-14,8.22,8.23,7.8,7.81,7.81,7150000,0.932
2020-04-13,8.4,8.55,7.875,7.99,7.99,7077100,1.0165
2020-04-09,8.48,8.805,8.22,8.34,8.34,4150100,1.053
2020-04-08,8.14,8.43,7.995,8.38,8.38,3384500,1.1401
2020-04-07,8.2,8.39,7.85,7.86,7.86,3284300,1.0248
2020-04-06,7.61,7.98,7.52,7.92,7.92,3250800,1.0532
2020-04-03,7.67,7.79,7.25,7.35,7.35,2857200,0.9339
2020-04-02,7.43,7.83,7.36,7.67,7.67,3725000,0.9516
2020-04-01,7.42,7.91,7.28,7.52,7.52,3262000,0.9629
2020-03-31,8.0,8.32,7.78,7.87,7.87,4669200,0.9645
2020-03-30,7.78,8.3,7.7,8.06,8.06,4595500,1.0126
2020-03-27,7.72,8.12,7.46,7.81,7.81,4269400,1.0511
2020-03-26,8.04,8.56,8.025,8.16,8.16,5766000,1.1982
2020-03-25,7.43,8.196,7.21,7.96,7.96,7038700,1.1453
2020-03-24,7.25,7.61,7.13,7.43,7.43,9160800,1.0959
2020-03-23,6.94,6.97,6.31,6.81,6.81,5999200,1.2849
2020-03-20,7.05,7.44,6.73,6.95,6.95,10028400,1.0467
2020-03-19,5.51,7.105,5.4,6.78,6.78,11089500,1.0165
2020-03-18,6.26,6.39,4.76,5.3,5.3,10806300,0.7095
2020-03-17,6.79,6.98,6.27,6.64,6.64,8432100,0.9379
2020-03-16,6.5,7.25,6.5,6.67,6.67,10133700,0.8454
2020-03-13,7.55,7.6,6.82,7.47,7.47,8644500,0.9516
2020-03-12,7.25,7.7,6.92,7.08,7.08,7341400,0.9725
2020-03-11,8.28,8.72,7.78,7.89,7.89,17018500,0.9753
2020-03-10,7.73,7.9,7.13,7.85,7.85,10831100,0.9139
2020-03-09,7.05,7.78,6.91,7.28,7.28,4419900,0.8098
2020-03-06,8.28,8.48,7.86,8.09,8.09,4838600,0.9214
2020-03-05,8.77,8.87,8.41,8.59,8.59,4345900,0.944
2020-03-04,9.01,9.06,8.785,8.99,8.99,3124400,1.0101
2020-03-03,9.11,9.39,8.573,8.78,8.78,3807300,0.9854
2020-03-02,8.96,9.11,8.7,9.1,9.1,4826800,0.9609
2020-02-28,8.51,8.995,8.46,8.9,8.9,7478200,0.9091
2020-02-27,9.06,9.31,8.61,8.91,8.91,9101400,0.8735
2020-02-26,9.77,10.015,9.47,9.47,9.47,4617000,0.8728
2020-02-25,10.28,10.43,9.64,9.79,9.79,5013400,0.8852
2020-02-24,10.27,10.49,10.025,10.2,10.2,4263900,0.9222
2020-02-21,11.05,11.12,10.77,10.85,10.85,3057500,1.0074
2020-02-20,11.03,11.11,10.715,11.06,11.06,2921600,1.0119
2020-02-19,10.85,11.115,10.85,11.06,11.06,2177800,1.0137
2020-02-18,10.84,10.94,10.76,10.77,10.77,2031900,0.9836
2020-02-14,10.94,11.07,10.84,10.93,10.93,3233600,1.0302
2020-02-13,10.82,11.02,10.77,10.91,10.91,2850300,1.0381
2020-02-12,10.65,10.97,10.5,10.95,10.95,4016300,1.0282
2020-02-11,10.58,10.74,10.51,10.61,10.61,3346000,0.9861
2020-02-10,10.6,10.705,10.47,10.51,10.51,2380000,0.9924
2020-02-07,10.75,10.76,10.54,10.65,10.65,1580600,1.0038
2020-02-06,10.65,10.955,10.64,10.76,10.76,2926300,1.0209
2020-02-05,10.75,10.84,10.41,10.59,10.59,2186600,1.0292
2020-02-04,10.74,10.88,10.57,10.61,10.61,3795900,0.9888
2020-02-03,10.36,10.61,10.27,10.54,10.54,3490500,0.9564
2020-01-31,10.68,10.7,10.05,10.29,10.29,6076200,0.9188
2020-01-30,10.89,11.0,10.58,10.73,10.73,3605800,0.9728
2020-01-29,11.24,11.35,10.985,11.02,11.02,2252800,0.9684
2020-01-28,11.14,11.23,11.02,11.2,11.2,2063200,0.979
2020-01-27,10.94,11.2,10.85,11.03,11.03,2581300,0.9667
2020-01-24,11.55,11.61,11.25,11.38,11.38,3233400,1.0062
2020-01-23,11.38,11.5,11.22,11.44,11.44,3516800,0.9896
2020-01-22,11.34,11.57,11.3,11.41,11.41,2342700,0.9811
2020-01-21,11.48,11.57,11.28,11.31,11.31,4408700,0.9818
2020-01-17,11.71,11.75,11.48,11.56,11.56,3192500,0.9983
2020-01-16,11.61,11.76,11.46,11.63,11.63,3507400,0.9906
2020-01-15,11.57,11.78,11.43,11.52,11.52,4924800,0.9754
2020-01-14,11.97,12.08,11.03,11.58,11.58,12512200,0.9707
2020-01-13,11.77,11.9,11.7,11.74,11.74,4340500,0.98
2020-01-10,11.99,11.99,11.66,11.81,11.81,3613300,1.0252
2020-01-09,12.1,12.22,11.81,11.93,11.93,4120900,1.0374
2020-01-08,11.55,12.17,11.52,11.98,11.98,6028800,1.0592
2020-01-07,11.66,11.86,11.5,11.52,11.52,3660400,0.9931
2020-01-06,11.13,11.55,10.9,11.5,11.5,3458200,0.9888
2020-01-03,11.4,11.52,11.27,11.31,11.31,3578500,0.9886
2020-01-02,11.73,11.788,11.51,11.6,11.6,3340100,0.9856
2019-12-31,11.44,11.75,11.37,11.63,11.63,3019800,0.9716
2019-12-30,11.79,11.81,11.36,11.44,11.44,3245800,0.9613
2019-12-27,11.99,11.99,11.61,11.77,11.77,5573000,0.9899
2019-12-26,11.94,12.035,11.9,11.97,11.97,2975400,1.0528
2019-12-24,11.89,11.99,11.78,11.9,11.9,1684800,1.0616
2019-12-23,11.27,12.0,11.22,11.89,11.89,7040000,1.0578
2019-12-20,11.26,11.39,11.11,11.37,11.37,7100900,1.0188
2019-12-19,11.23,11.33,11.05,11.21,11.21,6137700,0.9947
2019-12-18,11.15,11.34,11.08,11.24,11.24,6237900,1.0181
2019-12-17,11.24,11.265,11.105,11.16,11.16,4541800,1.0182
2019-12-16,11.05,11.31,11.0,11.27,11.27,6240800,1.0368
2019-12-13,11.0,11.235,10.98,11.04,11.04,4722000,0.9982
2019-12-12,10.85,10.98,10.72,10.96,10.96,3644400,0.9691
2019-12-11,11.04,11.1,10.73,10.87,10.87,4775400,0.9991
2019-12-10,11.14,11.44,11.01,11.06,11.06,8323600,1.1049
2019-12-09,10.85,11.45,10.81,11.31,11.31,10134600,1.1482
2019-12-06,10.67,11.21,10.58,10.88,10.88,20835800,1.0902
2019-12-05,9.88,10.07,9.85,10.01,10.01,6528500,1.0235
2019-12-04,10.11,10.14,9.63,9.85,9.85,5926200,0.997
2019-12-03,9.57,10.0,9.42,9.98,9.98,6087200,1.003
2019-12-02,9.92,9.95,9.525,9.78,9.78,6098800,1.002
2019-11-29,9.91,9.93,9.67,9.88,9.88,2621400,1.0292
2019-11-27,9.8,9.96,9.765,9.95,9.95,4080400,1.054
2019-11-26,9.61,9.86,9.57,9.76,9.76,4736000,1.0667
2019-11-25,9.44,9.72,9.34,9.6,9.6,4175400,1.0224
2019-11-22,9.24,9.45,9.19,9.44,9.44,3899400,1.0571
2019-11-21,9.44,9.5,9.11,9.15,9.15,5116100,1.0316
2019-11-20,8.86,9.5,8.79,9.39,9.39,7088200,1.0719
2019-11-19,8.87,8.97,8.705,8.93,8.93,3394900,1.0457
2019-11-18,8.75,8.88,8.63,8.87,8.87,3226200,1.046
2019-11-15,8.62,8.88,8.56,8.76,8.76,4411600,1.0104
2019-11-14,8.45,8.54,8.37,8.54,8.54,3056100,0.9771
2019-11-13,8.61,8.64,8.42,8.48,8.48,2679900,0.9691
2019-11-12,8.73,8.89,8.65,8.67,8.67,2680500,1.0012
2019-11-11,8.7,8.78,8.575,8.74,8.74,1819900,1.0023
2019-11-08,8.62,8.805,8.5,8.75,8.75,2228900,0.982
2019-11-07,8.79,8.85,8.63,8.66,8.66,2262300,0.9622
2019-11-06,8.9,8.9,8.6,8.72,8.72,2846600,1.0093
2019-11-05,9.01,9.04,8.83,8.91,8.91,2972700,1.0507
2019-11-04,8.77,9.03,8.68,9.0,9.0,4986000,1.0381
2019-11-01,8.56,8.705,8.43,8.64,8.64,3275700,0.9863
2019-10-31,8.67,8.68,8.32,8.48,8.48,3257200,0.9593
2019-10-30,8.74,8.805,8.61,8.67,8.67,1971100,0.9753
2019-10-29,8.8,8.91,8.56,8.76,8.76,2917300,0.9832
2019-10-28,8.97,9.05,8.79,8.84,8.84,3577900,0.9989
2019-10-25,8.88,8.95,8.79,8.89,8.89,2522300,1.0
2019-10-24,8.89,9.01,8.81,8.91,8.91,2286100,0.9944
2019-10-23,8.9,9.07,8.8,8.85,8.85,2598300,1.0208
2019-10-22,8.97,9.08,8.86,8.89,8.89,2628400,0.9933
2019-10-21,8.76,9.03,8.65,8.96,8.96,3153800,1.0034
2019-10-18,8.89,8.98,8.51,8.67,8.67,3488100,0.9841
2019-10-17,8.95,9.0,8.77,8.95,8.95,3398300,1.0431
2019-10-16,8.8,8.97,8.635,8.93,8.93,3633800,1.0506
2019-10-15,8.58,8.91,8.57,8.81,8.81,3607700,1.0538
2019-10-14,8.48,8.59,8.37,8.58,8.58,1896900,1.0023
2019-10-11,8.5,8.745,8.49,8.5,8.5,4145300,0.9942
2019-10-10,8.55,8.68,8.32,8.36,8.36,4133900,0.9565
2019-10-09,8.66,8.72,8.52,8.56,8.56,2597400,0.9965
2019-10-08,8.6,8.79,8.469,8.55,8.55,3450900,1.024
2019-10-07,8.56,8.82,8.51,8.74,8.74,3755000,1.0724
2019-10-04,8.42,8.62,8.29,8.59,8.59,3433500,0.9828
2019-10-03,8.08,8.37,7.83,8.35,8.35,5394700,0.9424
2019-10-02,8.68,8.68,8.02,8.15,8.15,8468300,0.9272
2019-10-01,8.9,8.98,8.73,8.74,8.74,3530300,0.9754
2019-09-30,8.81,8.92,8.51,8.86,8.86,3534800,0.9747
2019-09-27,8.95,9.12,8.72,8.79,8.79,10586000,0.9767
2019-09-26,9.04,9.12,8.89,8.96,8.96,3190600,0.9901
2019-09-25,9.03,9.13,8.81,9.09,9.09,4421400,1.0089
2019-09-24,9.11,9.33,8.85,9.0,9.0,6159500,1.0369
2019-09-23,8.96,9.05,8.78,9.05,9.05,4625600,1.0355
2019-09-20,8.67,9.075,8.64,9.01,9.01,7619500,1.0112
2019-09-19,8.7,8.79,8.56,8.68,8.68,5695000,0.9655
2019-09-18,8.84,8.89,8.53,8.74,8.74,10230500,0.9798
2019-09-17,8.9,9.02,8.715,8.91,8.91,5372700,0.9685
2019-09-16,8.73,9.18,8.55,8.99,8.99,7284800,0.9523
2019-09-13,9.2,9.24,8.82,8.92,8.92,8691200,0.9867
2019-09-12,9.44,9.59,9.13,9.2,9.2,14342800,1.0502
2019-09-11,9.08,9.46,9.05,9.44,9.44,13023300,1.0727
2019-09-10,8.75,9.15,8.72,9.04,9.04,17427500,1.0918
2019-09-09,8.813,8.913,8.43,8.76,8.76,20039400,1.215
2019-09-06,8.34,8.95,8.31,8.8,8.8,18406200,1.2256
2019-09-05,8.16,8.54,7.79,8.28,8.28,51450400,1.1597
2019-09-04,7.3,7.48,7.13,7.21,7.21,19469800,1.0271
2019-09-03,7.05,7.24,7.02,7.18,7.18,9055200,1.0621
2019-08-30,7.07,7.22,7.005,7.14,7.14,5967700,1.05
2019-08-29,6.8,7.06,6.8,7.02,7.02,5940900,1.0218
2019-08-28,6.78,6.93,6.7,6.76,6.76,4065000,1.0135
2019-08-27,6.9,7.009,6.68,6.8,6.8,5012100,0.9913
2019-08-26,6.78,6.88,6.7,6.87,6.87,4160500,1.0059
2019-08-23,6.85,6.97,6.65,6.67,6.67,6994300,0.9823
2019-08-22,6.83,6.9,6.65,6.86,6.86,6417200,1.0239
2019-08-21,6.84,6.95,6.75,6.83,6.83,6461500,1.0225
2019-08-20,6.69,6.83,6.62,6.79,6.79,3025500,1.0511
2019-08-19,6.78,6.84,6.56,6.7,6.7,5605800,1.0292
2019-08-16,6.51,6.8,6.51,6.68,6.68,6088400,0.9882
2019-08-15,6.62,6.67,6.4,6.46,6.46,4205100,0.9656
2019-08-14,6.6,6.61,6.32,6.51,6.51,7102700,0.93
2019-08-13,6.66,6.85,6.64,6.76,6.76,7400900,0.9643
2019-08-12,7.1,7.19,6.6,6.69,6.69,14080100,0.9941
2019-08-09,6.97,7.13,6.9,7.0,7.0,12171900,1.0903
2019-08-08,6.95,7.1,6.73,7.01,7.01,27138700,1.0818
2019-08-07,6.31,6.76,6.3,6.73,6.73,13277800,1.0197
2019-08-06,6.6,6.76,6.16,6.42,6.42,11490100,1.011
2019-08-05,6.5,6.71,6.39,6.48,6.48,13193100,1.0836
2019-08-02,7.25,7.25,6.41,6.6,6.6,30206300,1.1
2019-08-01,5.98,6.38,5.96,6.35,6.35,21810100,1.0601
2019-07-31,6.01,6.12,5.9,5.98,5.98,6512100,0.995
2019-07-30,5.87,6.04,5.86,6.0,6.0,4431100,1.0363
2019-07-29,6.02,6.1,5.78,5.99,5.99,7574200,1.0187
2019-07-26,5.83,6.056,5.79,6.01,6.01,5111000,1.0344
2019-07-25,5.86,5.9,5.68,5.79,5.79,5288400,0.9897
2019-07-24,5.79,5.91,5.76,5.88,5.88,3268600,1.0389
2019-07-23,5.95,6.0,5.7,5.81,5.81,6218300,1.0468
2019-07-22,5.67,5.88,5.63,5.85,5.85,7745900,1.0675
2019-07-19,5.55,5.765,5.48,5.66,5.66,7374100,1.052
2019-07-18,5.51,5.67,5.42,5.55,5.55,10244100,1.0571
2019-07-17,5.4,5.78,5.38,5.48,5.48,10625400,1.0438
2019-07-16,5.25,5.41,5.24,5.38,5.38,14284100,1.0386
2019-07-15,5.24,5.28,5.2,5.25,5.25,6100100,1.0194
2019-07-12,5.2,5.26,5.15,5.25,5.25,7378300,1.0274
2019-07-11,5.16,5.21,5.12,5.18,5.18,7104200,1.0157
2019-07-10,5.15,5.275,5.1,5.15,5.15,5717600,0.9828
2019-07-09,5.06,5.14,5.03,5.11,5.11,4618500,0.9771
2019-07-08,5.21,5.25,5.05,5.1,5.1,5364400,0.9865
2019-07-05,5.22,5.28,5.15,5.24,5.24,3306500,0.9868
2019-07-03,5.23,5.341,5.15,5.23,5.23,3810600,0.9943
2019-07-02,5.33,5.37,5.13,5.17,5.17,4487400,0.9718
2019-07-01,5.34,5.47,5.25,5.31,5.31,5095900,1.0057
2019-06-28,5.32,5.39,5.24,5.26,5.26,16343300,0.9759
2019-06-27,5.22,5.37,5.2,5.32,5.32,4141000,0.962
2019-06-26,5.45,5.5,5.26,5.28,5.28,7799700,0.9151
2019-06-25,5.52,5.79,5.36,5.39,5.39,8613900,0.9407
2019-06-24,5.78,5.83,5.42,5.53,5.53,8187600,0.9651
2019-06-21,5.96,6.01,5.68,5.77,5.77,17291200,1.0035
2019-06-20,5.8,5.92,5.67,5.73,5.73,4853400,0.9948
2019-06-19,5.8,5.85,5.66,5.73,5.73,4933300,1.0832
2019-06-18,5.81,6.04,5.74,5.75,5.75,11714400,1.0728
2019-06-17,5.35,6.0,5.33,5.76,5.76,16288700,1.1406
2019-06-14,5.34,5.36,5.06,5.29,5.29,11018000,1.0393
2019-06-13,5.11,5.455,5.04,5.36,5.36,10339600,1.0347
2019-06-12,5.25,5.325,5.0,5.05,5.05,10510700,0.9902
2019-06-11,5.2,5.285,4.89,5.09,5.09,17800000,0.977
2019-06-10,5.23,5.41,5.08,5.18,5.18,16134600,0.5886
2019-06-07,5.27,5.36,4.954,5.1,5.1,22741000,0.5598
2019-06-06,5.41,5.89,4.95,5.21,5.21,57916600,0.5968
2019-06-05,9.2,9.25,8.52,8.8,8.8,17656500,0.9597
2019-06-04,8.83,9.11,8.675,9.11,9.11,5458900,0.9764
2019-06-03,9.2,9.24,8.62,8.73,8.73,5996800,0.9277
2019-05-31,9.07,9.3,9.03,9.17,9.17,3455600,0.9602
2019-05-30,9.41,9.5,9.2,9.33,9.33,2926500,0.9749
2019-05-29,9.42,9.47,9.206,9.41,9.41,3551100,0.9622
2019-05-28,9.61,9.77,9.54,9.55,9.55,3249800,0.8884
2019-05-24,9.85,9.95,9.54,9.57,9.57,4666500,0.8994
2019-05-23,10.2,10.28,9.6,9.78,9.78,11205200,0.9477
2019-05-22,10.55,10.76,10.54,10.75,10.75,1732000,1.0075
2019-05-21,10.53,10.73,10.51,10.64,10.64,1853200,0.9825
2019-05-20,10.45,10.46,10.225,10.32,10.32,3354700,0.9727
2019-05-17,10.63,10.84,10.51,10.67,10.67,2664300,1.0369
2019-05-16,10.63,10.89,10.6,10.83,10.83,2842000,1.083
2019-05-15,10.13,10.65,10.1,10.61,10.61,3334600,1.0057
2019-05-14,10.1,10.36,9.94,10.29,10.29,2681100,0.9708
2019-05-13,10.2,10.3,9.96,10.0,10.0,6478000,0.9346
2019-05-10,10.5,10.65,10.22,10.55,10.55,3152500,0.9796
2019-05-09,10.54,10.71,10.32,10.6,10.6,3641300,0.9481
2019-05-08,10.72,10.83,10.63,10.7,10.7,2229300,0.9605
2019-05-07,11.01,11.1,10.64,10.77,10.77,3569100,0.9773
2019-05-06,10.8,11.22,10.8,11.18,11.18,2531700,1.0164
2019-05-03,11.17,11.19,10.95,11.14,11.14,2609500,1.0009
2019-05-02,11.0,11.13,10.87,11.02,11.02,2538700,0.9839
2019-05-01,11.2,11.23,10.92,11.0,11.0,2470900,1.0157
2019-04-30,11.18,11.3,10.825,11.13,11.13,3066700,1.0277
2019-04-29,10.85,11.37,10.85,11.2,11.2,4141200,1.0332
2019-04-26,10.83,10.9,10.71,10.83,10.83,2106800,0.9899
2019-04-25,10.95,10.96,10.67,10.83,10.83,3180900,1.0019
2019-04-24,11.0,11.05,10.8,10.84,10.84,2196900,1.0037
2019-04-23,10.85,10.96,10.625,10.94,10.94,5440800,0.9945
2019-04-22,10.76,10.84,10.69,10.81,10.81,2089300,0.9458
2019-04-18,10.93,11.01,10.66,10.8,10.8,3463700,0.9432
2019-04-17,11.5,11.52,10.92,11.0,11.0,3941600,0.9524
2019-04-16,11.5,11.52,11.35,11.43,11.43,2436200,0.9991
2019-04-15,11.52,11.625,11.36,11.45,11.45,2063700,0.9845
2019-04-12,11.54,11.615,11.402,11.55,11.55,2695900,0.9983
2019-04-11,11.68,11.68,11.4,11.44,11.44,3027300,0.9811
2019-04-10,11.58,11.67,11.48,11.63,11.63,3955000,1.0468
2019-04-09,11.56,11.73,11.42,11.57,11.57,5343900,1.048
2019-04-08,11.26,11.68,11.21,11.66,11.66,6136800,1.0228
2019-04-05,11.07,11.18,10.97,11.11,11.11,3211400,0.9823
2019-04-04,11.36,11.387,10.88,11.04,11.04,3437300,1.0
2019-04-03,11.31,11.44,11.21,11.4,11.4,3863100,1.042
2019-04-02,10.99,11.32,10.97,11.31,11.31,4799200,1.056
2019-04-01,11.12,11.26,10.89,11.04,11.04,3556300,1.0347
2019-03-29,10.8,10.97,10.73,10.94,10.94,3272400,0.9991
2019-03-28,10.71,10.91,10.57,10.71,10.71,5681800,0.9701
2019-03-27,11.01,11.078,10.495,10.67,10.67,6076900,0.9639
2019-03-26,11.14,11.21,10.77,10.95,10.95,4656700,0.9415
2019-03-25,11.0,11.28,10.91,11.04,11.04,4706700,0.9634
2019-03-22,11.67,11.67,11.03,11.07,11.07,7032300,0.9342
2019-03-21,11.35,11.665,11.26,11.63,11.63,5957900,0.9856
2019-03-20,11.78,11.82,11.32,11.46,11.46,6946700,0.982
2019-03-19,11.81,12.18,11.75,11.85,11.85,7815900,1.012
2019-03-18,11.6,11.81,11.45,11.8,11.8,9809800,0.8077
2019-03-15,11.94,11.94,11.3,11.67,11.67,14190600,0.8127
2019-03-14,12.99,13.1,11.55,11.71,11.71,37719200,0.82
2019-03-13,14.6,14.65,14.28,14.61,14.61,10030400,1.0564
2019-03-12,14.52,14.55,13.96,14.36,14.36,4678600,1.0206
2019-03-11,14.24,14.47,14.02,14.28,14.28,4181800,1.0099
2019-03-08,13.73,13.865,13.4,13.83,13.83,2316100,0.9447
2019-03-07,14.23,14.39,13.88,14.07,14.07,2893200,0.9617
2019-03-06,14.62,14.731,14.09,14.14,14.14,2744300,0.9333
2019-03-05,14.6,14.86,14.51,14.64,14.64,2709900,1.0048
2019-03-04,15.35,15.43,14.47,14.63,14.63,5634100,0.9993
2019-03-01,14.76,15.18,14.69,15.15,15.15,4886900,1.0775
2019-02-28,14.65,14.65,14.295,14.57,14.57,3699000,1.0505
2019-02-27,14.04,14.68,14.03,14.64,14.64,3505800,1.0578
2019-02-26,13.83,14.14,13.76,14.06,14.06,2044900,1.0369
2019-02-25,14.0,14.23,13.87,13.87,13.87,2266100,1.0102
2019-02-22,13.65,13.85,13.61,13.84,13.84,2214700,1.0014
2019-02-21,13.64,13.77,13.52,13.56,13.56,2280500,0.9812
2019-02-20,13.87,13.945,13.56,13.73,13.73,1761600,0.9985
2019-02-19,13.81,13.89,13.58,13.82,13.82,2541800,1.0066
2019-02-15,13.86,13.902,13.59,13.82,13.82,2275500,0.9978
2019-02-14,13.6,13.845,13.49,13.75,13.75,2046500,1.0066
2019-02-13,13.92,14.05,13.635,13.73,13.73,2164800,1.0133
2019-02-12,13.76,13.93,13.64,13.85,13.85,1485400,1.0221
2019-02-11,13.67,13.76,13.43,13.66,13.66,2326600,0.9978
2019-02-08,13.45,13.57,13.22,13.55,13.55,2062700,0.9679
2019-02-07,13.5,13.605,13.1,13.55,13.55,3170800,0.979
2019-02-06,14.0,14.08,13.61,13.69,13.69,2797500,1.0059
2019-02-05,13.98,14.17,13.831,14.0,14.0,3289600,1.037
2019-02-04,13.75,14.08,13.7,13.84,13.84,3779000,1.0517
2019-02-01,13.53,13.67,13.41,13.61,13.61,2314700,1.0526
2019-01-31,13.18,13.67,13.06,13.5,13.5,3470600,1.0235
2019-01-30,13.09,13.23,12.85,13.16,13.16,2013700,0.9836
2019-01-29,13.19,13.19,12.874,12.93,12.93,2517500,0.99
2019-01-28,13.11,13.19,12.86,13.19,13.19,3872000,1.0281
2019-01-25,13.19,13.38,13.01,13.38,13.38,2775800,1.0461
2019-01-24,12.83,13.15,12.83,13.06,13.06,2066800,1.0171
2019-01-23,13.07,13.2,12.63,12.83,12.83,3089100,1.0397
2019-01-22,12.68,12.87,12.515,12.79,12.79,3494800,1.0757
2019-01-18,12.59,12.96,12.39,12.84,12.84,4300300,1.0772
2019-01-17,11.88,12.515,11.74,12.34,12.34,3667800,1.0647
2019-01-16,11.96,12.24,11.67,11.89,11.89,3817700,1.0241
2019-01-15,11.63,12.03,11.59,11.92,11.92,2260200,1.0
2019-01-14,11.38,11.74,11.275,11.59,11.59,2918000,1.0
2019-01-11,11.8,11.8,11.38,11.61,11.61,3433900,1.0087
2019-01-10,11.35,12.04,11.2,11.92,11.92,5063400,1.0633
2019-01-09,11.78,11.92,11.41,11.59,11.59,5074100,1.0527
2019-01-08,11.35,11.58,10.9,11.51,11.51,4291000,1.1099
2019-01-07,10.99,11.31,10.94,11.21,11.21,4233400,0.9964
2019-01-04,10.52,11.07,10.39,11.01,11.01,4080400,0.9955
2019-01-03,11.01,11.16,10.125,10.37,10.37,6185200,0.9531
2019-01-02,10.83,11.4,10.66,11.25,11.25,2515600,1.0274
2018-12-31,11.0,11.13,10.84,11.06,11.06,1713400,1.0055
2018-12-28,10.98,11.06,10.7,10.88,10.88,2287400,1.0492
2018-12-27,10.79,11.05,10.36,10.95,10.95,2421100,1.0569
2018-12-26,10.46,11.0,10.41,11.0,11.0,3034200,0.991
2018-12-24,10.07,10.76,10.07,10.37,10.37,1274900,0.9275
2018-12-21,11.0,11.11,10.25,10.36,10.36,4243400,0.8885
2018-12-20,11.14,11.42,10.75,11.1,11.1,3734600,0.9771
2018-12-19,11.7,11.9,10.955,11.18,11.18,3426200,0.906
2018-12-18,11.5,11.78,11.41,11.66,11.66,2866700,0.9411
2018-12-17,12.2,12.2,11.3,11.36,11.36,4131200,0.8987
2018-12-14,12.22,12.905,12.05,12.34,12.34,2979700,1.0016
2018-12-13,12.65,12.84,12.23,12.39,12.39,1758200,0.9733
2018-12-12,12.51,12.97,12.41,12.64,12.64,2241100,1.0318
2018-12-11,12.93,13.07,12.14,12.32,12.32,4236100,0.947
2018-12-10,12.21,12.84,12.11,12.73,12.73,4111200,1.0984
2018-12-07,13.05,13.13,12.15,12.25,12.25,4766200,0.9951
2018-12-06,11.69,13.24,11.42,13.01,13.01,9270900,1.0543
2018-12-04,12.18,12.25,11.56,11.59,11.59,3533900,0.9385
2018-12-03,12.7,12.75,11.99,12.31,12.31,2958700,0.9895
2018-11-30,12.38,12.53,12.17,12.34,12.34,1820100,1.0583
2018-11-29,12.4,12.56,12.14,12.35,12.35,1973100,1.0396
2018-11-28,11.92,12.48,11.71,12.44,12.44,3457900,1.098
2018-11-27,11.68,11.82,11.46,11.66,11.66,1170100,1.0228
2018-11-26,11.5,11.93,11.44,11.88,11.88,1830600,1.1113
2018-11-23,11.3,11.66,11.24,11.33,11.33,729200,1.0089
2018-11-21,10.92,11.53,10.74,11.4,11.4,2685900,0.9383
2018-11-20,10.78,11.2,10.5,10.69,10.69,6116900,0.8798
2018-11-19,12.16,12.18,11.16,11.23,11.23,3728900,0.9477
2018-11-16,12.03,12.32,11.82,12.15,12.15,2482800,1.0184
2018-11-15,11.81,12.19,11.67,12.15,12.15,2492500,0.991
2018-11-14,12.11,12.29,11.73,11.85,11.85,3159900,0.9265
2018-11-13,12.29,12.57,11.76,11.93,11.93,4370900,0.8431
2018-11-12,12.72,12.74,12.01,12.26,12.26,4368900,0.8334
2018-11-09,14.38,14.38,12.69,12.79,12.79,5471900,0.9136
2018-11-08,14.62,14.72,13.985,14.15,14.15,2776200,0.9732
2018-11-07,14.14,14.975,13.98,14.71,14.71,2992200,1.0323
2018-11-06,14.49,14.57,13.78,14.0,14.0,2265200,0.988
2018-11-05,15.08,15.11,13.92,14.54,14.54,3728700,1.0567
2018-11-02,14.24,14.62,13.93,14.25,14.25,1986400,1.0763
2018-11-01,13.79,14.23,13.51,14.17,14.17,2262600,1.1002
2018-10-31,13.7,13.84,13.51,13.76,13.76,3809100,1.0488
2018-10-30,12.83,13.33,12.74,13.24,13.24,2302200,0.9815
2018-10-29,13.72,13.93,12.63,12.88,12.88,3689300,0.9847
2018-10-26,13.14,13.52,12.72,13.12,13.12,2936300,0.9168
2018-10-25,13.23,13.59,12.9,13.49,13.49,3317600,0.948
2018-10-24,14.23,14.37,13.07,13.08,13.08,2764800,0.9424
2018-10-23,13.87,14.46,13.58,14.31,14.31,2358300,0.9682
2018-10-22,13.99,14.37,13.74,14.23,14.23,2367000,0.927
2018-10-19,14.81,15.0,13.86,13.88,13.88,3261000,0.879
2018-10-18,15.24,15.4,14.69,14.78,14.78,2615200,0.9698
2018-10-17,15.82,15.82,15.338,15.35,15.35,2368700,0.9897
2018-10-16,15.45,15.84,15.07,15.79,15.79,3182300,1.0499
2018-10-15,15.33,15.46,14.785,15.24,15.24,3531200,0.9839
2018-10-12,15.36,15.78,15.19,15.51,15.51,5102300,0.8929
2018-10-11,15.44,15.82,14.7,15.04,15.04,6082000,0.8594
2018-10-10,17.219998999999998,17.290001,15.32,15.49,15.49,8593300,0.8654
2018-10-09,17.4,17.780001000000002,16.969998999999998,17.370001000000002,17.370001000000002,3658300,0.9118
2018-10-08,17.639999,18.440001000000002,17.48,17.5,17.5,6709700,1.0246
2018-10-05,19.02,19.299999,17.85,17.9,17.9,6005600,1.0592
2018-10-04,19.84,20.18,18.57,19.049999,19.049999,25220300,1.1082
2018-10-03,16.950001,17.26,16.73,17.08,17.08,2205500,0.9677
2018-10-02,17.15,17.200001,16.690001000000002,16.9,16.9,1755600,0.9619
2018-10-01,17.719998999999998,17.93,17.09,17.190001000000002,17.190001000000002,1485700,0.963
2018-09-28,17.48,17.790001,17.33,17.65,17.65,2018700,0.9893
2018-09-27,17.91,18.0,17.344998999999998,17.57,17.57,2021700,1.008
2018-09-26,17.950001,18.17,17.709999,17.85,17.85,2416600,1.0136
2018-09-25,17.5,17.940001000000002,17.309998999999998,17.84,17.84,2162800,1.0034
2018-09-24,17.43,17.790001,17.231001000000003,17.43,17.43,1939000,0.9932
2018-09-21,17.870001000000002,17.93,17.52,17.610001,17.610001,3270200,0.9871
2018-09-20,17.620001000000002,17.85,17.33,17.780001000000002,17.780001000000002,1344700,1.0068
2018-09-19,17.870001000000002,18.0,17.375,17.549999,17.549999,1684800,0.9451
2018-09-18,17.67,18.110001,17.67,17.84,17.84,1384100,0.9797
2018-09-17,18.51,18.540001,17.41,17.66,17.66,2693300,0.9593
2018-09-14,18.17,18.790001,17.9,18.57,18.57,2202200,1.0374
2018-09-13,18.370001000000002,18.690001000000002,18.048,18.209999,18.209999,2265200,1.0448
2018-09-12,18.1,18.49,17.59,18.41,18.41,4619900,1.0484
2018-09-11,17.040001,18.0,16.809998999999998,17.9,17.9,4675700,0.9983
2018-09-10,18.01,18.120001000000002,16.6,17.43,17.43,5359600,1.2096
2018-09-07,17.65,18.540001,17.1,17.559998999999998,17.559998999999998,6805200,1.1652
2018-09-06,16.26,18.07,16.200001,17.93,17.93,20728600,1.1945
2018-09-05,15.1,15.13,14.03,14.41,14.41,4928400,0.9671
2018-09-04,15.05,15.1,14.54,15.07,15.07,1912600,1.0087
2018-08-31,14.82,15.16,14.8,15.01,15.01,1875200,1.0721
2018-08-30,14.9,15.075,14.74,14.9,14.9,2285000,1.065
2018-08-29,14.03,15.0,14.01,14.94,14.94,2999700,1.0633
2018-08-28,14.03,14.19,13.93,14.0,14.0,1981300,1.0219
2018-08-27,14.13,14.17,13.935,13.99,13.99,1654000,1.013
2018-08-24,13.77,14.06,13.71,14.05,14.05,1653500,1.0255
2018-08-23,13.8,13.99,13.68,13.7,13.7,1091900,1.0074
2018-08-22,13.7,13.89,13.65,13.81,13.81,621500,1.0162
2018-08-21,13.62,13.935,13.61,13.7,13.7,914500,0.9978
2018-08-20,13.56,13.84,13.43,13.6,13.6,797000,0.9891
2018-08-17,13.72,13.79,13.37,13.59,13.59,678200,0.9735
2018-08-16,13.85,13.985,13.67,13.73,13.73,924400,0.9828
2018-08-15,13.89,14.0,13.49,13.75,13.75,1104700,0.978
2018-08-14,14.0,14.178,13.925,13.96,13.96,1052500,0.995
2018-08-13,14.05,14.235,13.85,13.97,13.97,1269600,1.0356
2018-08-10,13.92,14.49,13.85,14.06,14.06,2726800,1.027
2018-08-09,13.55,14.4,13.55,14.03,14.03,2775500,1.0278
2018-08-08,13.8,13.888,13.365,13.49,13.49,1593500,0.9934
2018-08-07,13.69,13.865,13.6,13.69,13.69,626400,0.9821
2018-08-06,13.56,13.77,13.45,13.65,13.65,992800,0.9792
2018-08-03,13.94,13.96,13.56,13.58,13.58,936700,1.0142
2018-08-02,13.85,14.2,13.81,13.94,13.94,814400,1.0364
2018-08-01,13.39,14.0,13.39,13.94,13.94,1213300,0.9866
2018-07-31,13.47,13.73,13.18,13.39,13.39,1513100,0.9165
2018-07-30,14.09,14.15,13.424,13.45,13.45,1359900,0.92
2018-07-27,14.61,14.64,13.88,14.13,14.13,1110400,0.9888
2018-07-26,14.5,14.75,14.292,14.61,14.61,748600,0.9952
2018-07-25,14.35,14.66,14.26,14.62,14.62,785400,1.0034
2018-07-24,14.81,14.819,14.25,14.29,14.29,876400,0.9642
2018-07-23,14.58,14.74,14.23,14.68,14.68,850200,0.9926
2018-07-20,14.83,14.9,14.57,14.57,14.57,778300,0.9772
2018-07-19,14.7,15.0,14.7,14.82,14.82,1259500,0.9993
2018-07-18,14.9,14.92,14.6,14.79,14.79,1266500,1.0014
2018-07-17,14.72,15.03,14.68,14.91,14.91,1004900,0.992
2018-07-16,14.87,14.95,14.61,14.83,14.83,862300,1.0088
2018-07-13,15.01,15.06,14.66,14.77,14.77,1539200,0.9986
2018-07-12,14.82,15.08,14.69,15.03,15.03,1810100,1.0218
2018-07-11,14.6,14.89,14.518,14.7,14.7,1089900,1.0055
2018-07-10,14.71,14.9,14.6,14.79,14.79,1840900,1.0527
2018-07-09,14.7,14.73,14.2,14.71,14.71,1630900,1.0613
2018-07-06,14.1,14.69,14.1,14.62,14.62,1604400,1.0625
2018-07-05,13.99,14.08,13.67,14.05,14.05,1260900,1.0301
2018-07-03,13.83,13.945,13.71,13.86,13.86,603000,1.0305
2018-07-02,13.5,13.789,13.42,13.76,13.76,1405400,1.0464
2018-06-29,13.59,13.79,13.503,13.64,13.64,1420000,0.9978
2018-06-28,13.09,13.57,12.95,13.45,13.45,2170000,0.981
2018-06-27,13.69,13.73,13.11,13.15,13.15,1857600,0.9044
2018-06-26,13.84,13.87,13.32,13.67,13.67,2714500,0.9005
2018-06-25,14.4,14.57,13.61,13.71,13.71,2540900,0.8857
2018-06-22,15.28,15.35,14.46,14.54,14.54,2756400,0.9435
2018-06-21,15.45,15.58,15.115,15.18,15.18,1198900,0.9806
2018-06-20,15.5,15.68,15.39,15.48,15.48,1259200,1.0211
2018-06-19,15.28,15.455,15.01,15.41,15.41,1476300,0.9878
2018-06-18,15.07,15.75,15.055,15.48,15.48,2383100,1.0006
2018-06-15,15.14,15.26,14.95,15.16,15.16,3720000,0.9781
2018-06-14,15.5,15.69,15.37,15.6,15.6,2458700,1.0058
2018-06-13,15.55,15.599,15.33,15.47,15.47,2455200,0.9585
2018-06-12,15.48,15.69,15.2,15.5,15.5,3618500,0.9669
2018-06-11,16.0,16.0,15.41,15.51,15.51,4048100,0.9028
2018-06-08,16.02,16.530001000000002,16.02,16.139999,16.139999,3403600,0.9439
2018-06-07,16.6,16.690001000000002,15.66,16.030001000000002,16.030001000000002,6608500,0.948
2018-06-06,17.09,17.34,16.940001000000002,17.18,17.18,2940100,1.0331
2018-06-05,16.92,17.190001000000002,16.67,17.1,17.1,1600700,1.0543
2018-06-04,16.75,16.950001,16.52,16.91,16.91,1733900,1.0549
2018-06-01,16.379998999999998,16.74,16.280001000000002,16.629998999999998,16.629998999999998,1503800,1.0485
2018-05-31,16.0,16.290001,15.932,16.219998999999998,16.219998999999998,2592300,1.0214
2018-05-30,15.89,16.18,15.84,16.030001000000002,16.030001000000002,2539800,1.0063
2018-05-29,15.75,15.95,15.7,15.86,15.86,1465600,0.9851
2018-05-25,15.97,15.97,15.79,15.88,15.88,1408600,0.9802
2018-05-24,16.110001,16.16,15.92,15.93,15.93,1294600,0.9803
2018-05-23,16.1,16.34,16.0,16.1,16.1,1480400,1.0
2018-05-22,16.299999,16.66,16.129998999999998,16.200001,16.200001,2276200,1.0221
2018-05-21,16.209999,16.51,16.110001,16.25,16.25,1082200,1.0156
2018-05-18,15.85,16.16,15.81,16.1,16.1,968400,1.0327
2018-05-17,16.0,16.469998999999998,15.75,15.85,15.85,1224400,1.0076
2018-05-16,15.59,16.07,15.51,16.0,16.0,1662900,1.0025
2018-05-15,15.58,15.73,15.386,15.59,15.59,1339200,0.95
2018-05-14,16.01,16.299999,15.65,15.73,15.73,1010100,0.9912
2018-05-11,16.51,16.549999,15.9,15.96,15.96,1083200,1.0038
2018-05-10,15.95,16.540001,15.94,16.41,16.41,1464800,1.0499
2018-05-09,15.97,16.1,15.75,15.87,15.87,2245700,1.0552
2018-05-08,15.58,15.98,15.41,15.9,15.9,1171500,1.0565
2018-05-07,15.37,16.02,15.285,15.63,15.63,2307000,1.0662
2018-05-04,14.98,15.229,14.9,15.04,15.04,1055300,1.043
2018-05-03,14.61,15.14,14.46,15.05,15.05,1222900,1.0561
2018-05-02,14.4,14.957,14.27,14.66,14.66,1545400,1.0331
2018-05-01,14.22,14.44,14.017,14.42,14.42,1537100,1.0184
2018-04-30,14.17,14.38,14.02,14.25,14.25,924700,1.0135
2018-04-27,14.16,14.25,13.96,14.19,14.19,1006900,0.9806
2018-04-26,14.18,14.3,14.02,14.16,14.16,1265100,0.9503
2018-04-25,14.45,14.5,14.03,14.06,14.06,2087600,0.9539
2018-04-24,14.91,15.18,14.411,14.47,14.47,2696900,0.9911
2018-04-23,14.8,15.24,14.766,14.9,14.9,2429500,0.9993
2018-04-20,14.6,14.86,14.5,14.74,14.74,1607100,1.0257
2018-04-19,14.95,15.12,14.5,14.6,14.6,2465400,1.0414
2018-04-18,14.38,14.97,14.35,14.91,14.91,2243700,1.0719
2018-04-17,14.04,14.45,14.02,14.37,14.37,2777400,1.0346
2018-04-16,13.92,14.15,13.748,14.02,14.02,2008300,1.0678
2018-04-13,14.02,14.16,13.25,13.91,13.91,5450000,1.0901
2018-04-12,13.48,14.35,13.38,13.89,13.89,9611900,1.0903
2018-04-11,12.73,13.28,12.63,13.13,13.13,3347500,1.0116
2018-04-10,12.86,12.98,12.57,12.76,12.76,2952800,0.9307
2018-04-09,13.1,13.17,12.72,12.74,12.74,4485500,0.9586
2018-04-06,13.53,13.55,12.9,12.98,12.98,7115600,0.5836
2018-04-05,13.76,14.06,13.42,13.71,13.71,8545000,0.6458
2018-04-04,14.05,14.38,13.2,13.29,13.29,27926700,0.6158
2018-04-03,21.59,22.25,21.370001000000002,22.24,22.24,4614200,1.0626
2018-04-02,21.58,22.424999,21.061001,21.23,21.23,1522400,0.9991
2018-03-29,21.129998999999998,22.030001000000002,20.65,21.58,21.58,1439500,0.9995
2018-03-28,21.24,21.42,20.120001000000002,20.93,20.93,1408500,1.0315
2018-03-27,21.66,22.219998999999998,21.065001000000002,21.25,21.25,2443200,1.0371
2018-03-26,20.59,21.629998999999998,20.17,21.59,21.59,2080000,1.0757
2018-03-23,20.450001,20.709999,20.059998999999998,20.290001,20.290001,1379600,1.0015
2018-03-22,19.9,20.945999,19.841998999999998,20.49,20.49,2298900,1.06
2018-03-21,20.33,20.5,19.959999,20.07,20.07,1135500,1.0235
2018-03-20,19.540001,20.309998999999998,19.450001,20.26,20.26,1477400,1.0222
2018-03-19,19.51,19.65,19.239,19.33,19.33,1748800,0.9503
2018-03-16,19.799999,19.799999,19.33,19.610001,19.610001,1981000,0.9737
2018-03-15,20.25,20.4,19.6,19.82,19.82,1289600,0.9797
2018-03-14,20.17,20.370001000000002,19.91,20.34,20.34,535300,1.019
2018-03-13,20.33,20.52,20.02,20.139999,20.139999,824700,1.008
2018-03-12,20.0,20.549999,19.76,20.23,20.23,1212600,1.0259
2018-03-09,20.09,20.1,19.68,19.959999,19.959999,785600,1.0184
2018-03-08,19.76,20.0,19.76,19.98,19.98,347200,1.039
2018-03-07,19.42,20.049999,19.42,19.719998999999998,19.719998999999998,930100,1.054
2018-03-06,19.280001000000002,19.74,19.129998999999998,19.6,19.6,942600,1.0641
2018-03-05,18.620001000000002,19.34,18.5,19.23,19.23,984100,1.0094
2018-03-02,18.209999,18.74,18.129998999999998,18.709999,18.709999,908500,0.9796
2018-03-01,19.08,19.15,17.969998999999998,18.42,18.42,924700,0.9741
2018-02-28,19.16,19.32,18.889999,19.049999,19.049999,681200,1.0331
2018-02-27,18.950001,19.27,18.75,19.1,19.1,838400,1.0263
2018-02-26,18.440001000000002,19.059998999999998,18.440001000000002,18.91,18.91,673800,1.0249
2018-02-23,18.76,18.785,18.290001,18.440001000000002,18.440001000000002,355700,1.0066
2018-02-22,18.559998999999998,18.98,18.440001000000002,18.610001,18.610001,796500,1.0443
2018-02-21,18.33,18.91,18.27,18.450001,18.450001,830700,1.0261
2018-02-20,17.790001,18.49,17.790001,18.32,18.32,1063900,1.0122
2018-02-16,17.959999,18.200001,17.809998999999998,17.82,17.82,625200,1.0091
2018-02-15,18.24,18.27,17.5,17.98,17.98,769200,1.0164
2018-02-14,17.559998999999998,18.17,17.450001,18.1,18.1,613800,1.0554
2018-02-13,17.299999,17.780001000000002,17.299999,17.66,17.66,471000,1.0086
2018-02-12,17.25,17.715,17.02,17.690001000000002,17.690001000000002,674000,0.9894
2018-02-09,17.65,17.780001000000002,16.52,17.15,17.15,1060100,0.9684
2018-02-08,18.02,18.190001000000002,17.51,17.51,17.51,1223100,1.0234
2018-02-07,17.709999,17.99,17.5,17.879998999999998,17.879998999999998,992100,0.9868
2018-02-06,16.799999,17.809998999999998,16.700001,17.709999,17.709999,1381900,0.9435
2018-02-05,17.93,18.049999,17.08,17.110001,17.110001,1385500,0.914
2018-02-02,18.639999,18.92,17.950001,18.120001000000002,18.120001000000002,1001300,0.9821
2018-02-01,18.68,18.92,18.549999,18.77,18.77,767900,1.013
2018-01-31,18.549999,18.85,18.51,18.719998999999998,18.719998999999998,758600,0.9989
2018-01-30,18.43,19.040001,18.299999,18.450001,18.450001,1661500,0.9962
2018-01-29,18.690001000000002,18.940001000000002,18.5,18.530001000000002,18.530001000000002,1117600,0.9968
2018-01-26,18.57,18.83,18.48,18.74,18.74,748400,1.0102
2018-01-25,18.84,19.07,18.51,18.52,18.52,820700,1.0093
2018-01-24,18.549999,19.059998999999998,18.51,18.59,18.59,1084800,1.0076
2018-01-23,18.200001,18.584999,18.18,18.549999,18.549999,1281200,0.993
2018-01-22,18.5,18.620001000000002,18.110001,18.35,18.35,1287000,1.0263
2018-01-19,18.82,18.879,18.43,18.450001,18.450001,999000,1.0579
2018-01-18,17.870001000000002,19.110001,17.360001,18.68,18.68,3476300,1.0298
2018-01-17,17.58,17.91,17.469998999999998,17.879998999999998,17.879998999999998,1164700,0.9983
2018-01-16,18.360001,18.379,17.41,17.440001000000002,17.440001000000002,2469500,0.954
2018-01-12,18.1,18.68,18.0,18.139999,18.139999,2226000,1.0559
2018-01-11,18.379998999999998,18.438,17.860001,17.91,17.91,1685800,1.0443
2018-01-10,17.74,18.48,17.52,18.280001000000002,18.280001000000002,3977000,1.0597
2018-01-09,17.120001000000002,17.280001000000002,16.940001000000002,17.18,17.18,844100,0.9959
2018-01-08,17.200001,17.209999,16.702999,17.15,17.15,866200,0.9783
2018-01-05,17.25,17.41,17.18,17.25,17.25,626200,0.9919
2018-01-04,17.51,17.700001,17.16,17.25,17.25,904100,1.0442
2018-01-03,17.299999,17.620001000000002,17.299999,17.530001000000002,17.530001000000002,868100,1.0516
2018-01-02,16.42,17.41,16.357,17.389999,17.389999,1602900,1.0345
2017-12-29,16.639999,16.719998999999998,16.35,16.52,16.52,1023900,0.9857
2017-12-28,16.76,16.889999,16.610001,16.67,16.67,587300,0.9564
2017-12-27,16.709999,16.99,16.43,16.809998999999998,16.809998999999998,905800,0.965
2017-12-26,17.32,17.370001000000002,16.75,16.76,16.76,1202800,0.9699
2017-12-22,17.360001,17.48,17.07,17.43,17.43,1071600,1.0223
2017-12-21,17.23,17.549999,17.23,17.42,17.42,1537900,1.0
2017-12-20,17.299999,17.370001000000002,16.59,17.280001000000002,17.280001000000002,1701500,0.9869
2017-12-19,17.34,17.41,16.969998999999998,17.049999,17.049999,2507900,0.9788
2017-12-18,17.5,17.51,17.17,17.42,17.42,2464600,1.0351
2017-12-15,17.469998999999998,17.68,17.299999,17.51,17.51,11560000,1.0677
2017-12-14,16.82,17.504998999999998,16.74,17.42,17.42,5175800,1.0296
2017-12-13,16.42,16.99,16.42,16.83,16.83,2577300,0.9994
2017-12-12,16.639999,17.24,16.045,16.4,16.4,6319000,1.025
2017-12-11,16.84,17.25,16.34,16.92,16.92,2948800,1.0757
2017-12-08,17.16,17.799999,16.65,16.84,16.84,10016600,1.0532
2017-12-07,15.78,16.299999,15.75,16.0,16.0,3057800,1.0276
2017-12-06,15.92,16.17,15.62,15.73,15.73,1233600,0.9881
2017-12-05,15.56,16.4,15.54,15.99,15.99,1522300,1.0101
2017-12-04,16.02,16.379998999999998,15.52,15.57,15.57,1230300,0.9974
2017-12-01,15.74,16.219998999999998,15.65,15.92,15.92,1147300,0.9654
2017-11-30,15.72,16.0,15.56,15.83,15.83,1293000,0.9682
2017-11-29,15.431,16.67,15.31,15.61,15.61,2186100,0.9618
2017-11-28,16.34,16.67,16.27,16.49,16.49,1308500,1.0345
2017-11-27,16.200001,16.41,16.059998999999998,16.35,16.35,1783600,1.0328
2017-11-24,15.99,16.49,15.89,16.23,16.23,1064800,1.0377
2017-11-22,15.87,16.09,15.5,15.94,15.94,981700,1.0425
2017-11-21,15.65,16.030001000000002,15.58,15.83,15.83,1869400,1.0477
2017-11-20,15.2,15.7,15.18,15.64,15.64,1945300,1.0344
2017-11-17,15.0,15.32,15.0,15.29,15.29,1409300,1.0026
2017-11-16,15.13,15.45,15.08,15.11,15.11,986500,0.9824
2017-11-15,15.08,15.21,14.96,15.12,15.12,809500,0.9774
2017-11-14,15.29,15.34,14.89,15.25,15.25,680600,1.0053
2017-11-13,15.35,15.59,15.28,15.38,15.38,582200,0.9903
2017-11-10,15.13,15.48,15.09,15.47,15.47,1040000,1.0198
2017-11-09,15.35,15.38,14.935,15.17,15.17,766500,0.9731
2017-11-08,15.05,15.54,15.05,15.53,15.53,1701700,0.9885
2017-11-07,15.31,15.45,15.1,15.17,15.17,1631800,0.98
2017-11-06,15.69,15.87,15.45,15.59,15.59,1301200,1.0216
2017-11-03,15.45,15.75,14.85,15.71,15.71,1701200,1.0383
2017-11-02,15.26,15.49,15.17,15.48,15.48,1536700,1.0218
2017-11-01,15.31,15.41,15.08,15.26,15.26,1240700,1.0242
2017-10-31,15.15,15.24,14.9,15.13,15.13,1179500,1.0342
2017-10-30,15.05,15.4,14.93,15.15,15.15,3182800,0.9954
2017-10-27,14.55,15.003,14.5,14.9,14.9,2417800,0.9226
2017-10-26,15.29,15.29,14.62,14.63,14.63,1765200,0.8964
2017-10-25,15.55,15.805,14.91,15.22,15.22,4558900,0.9366
2017-10-24,16.34,16.389999,16.02,16.15,16.15,1004700,1.0346
2017-10-23,16.35,16.379998999999998,16.07,16.32,16.32,780100,1.0543
2017-10-20,15.64,16.32,15.46,16.25,16.25,1743000,1.0477
2017-10-19,15.31,15.62,15.15,15.61,15.61,844800,1.015
2017-10-18,15.58,15.591,15.23,15.48,15.48,865700,0.9847
2017-10-17,15.3,15.77,15.17,15.51,15.51,1124700,0.9568
2017-10-16,15.75,15.8,15.13,15.38,15.38,1673100,0.9747
2017-10-13,16.24,16.24,15.68,15.72,15.72,1148900,0.9638
2017-10-12,15.8,16.209999,15.631,16.209999,16.209999,1319200,0.9649
2017-10-11,16.309998999999998,16.35,15.72,15.78,15.78,1689300,0.9393
2017-10-10,16.799999,16.809,16.209999,16.309998999999998,16.309998999999998,1138300,0.932
2017-10-09,16.860001,17.02,16.68,16.799999,16.799999,792600,0.9661
2017-10-06,17.32,17.459999,16.700001,16.799999,16.799999,3181100,0.9785
2017-10-05,17.4,17.700001,17.030001000000002,17.5,17.5,1229400,1.058
2017-10-04,17.0,17.559998999999998,16.99,17.389999,17.389999,1336500,1.0463
2017-10-03,16.42,17.198,16.341,17.17,17.17,1272200,1.0088
2017-10-02,16.5,16.870001000000002,16.26,16.540001,16.540001,1469200,0.997
2017-09-29,16.93,17.129998999999998,16.52,16.620001000000002,16.620001000000002,1966100,1.0097
2017-09-28,17.35,17.719998999999998,16.764999,17.02,17.02,8309300,1.0585
2017-09-27,16.629998999999998,16.889999,16.4,16.59,16.59,991100,0.9811
2017-09-26,16.360001,16.969998999999998,16.299999,16.459999,16.459999,806100,0.952
2017-09-25,16.950001,17.094998999999998,16.059998999999998,16.08,16.08,813800,0.9365
2017-09-22,17.33,17.450001,16.709999,16.91,16.91,864800,0.9872
2017-09-21,17.190001000000002,17.488001,17.07,17.290001,17.290001,472900,0.9983
2017-09-20,17.200001,17.43,17.08,17.17,17.17,768900,0.9342
2017-09-19,17.450001,17.450001,17.0,17.129998999999998,17.129998999999998,702900,0.9063
2017-09-18,18.0,18.030001000000002,16.860001,17.32,17.32,1580600,0.9078
2017-09-15,18.83,18.93,18.23,18.379998999999998,18.379998999999998,755700,0.9735
2017-09-14,19.0,19.15,18.790001,18.9,18.9,719300,1.0053
2017-09-13,19.059998999999998,19.440001000000002,18.799999,19.08,19.08,785400,0.909
2017-09-12,19.0,19.16,18.25,18.879998999999998,18.879998999999998,895800,0.8818
2017-09-11,21.389999,21.389999,18.690001000000002,18.799999,18.799999,1975500,0.8931
2017-09-08,22.030001000000002,22.4,20.309998999999998,20.99,20.99,2442900,1.0474
2017-09-07,21.0,21.440001000000002,20.4,21.41,21.41,1676600,1.1134
2017-09-06,19.940001000000002,21.51,19.74,21.049999,21.049999,1199900,1.0851
2017-09-05,19.1,20.139999,19.1,20.040001,20.040001,762300,1.0809
2017-09-01,19.34,19.6,18.834,19.23,19.23,532000,1.0383
2017-08-31,18.620001000000002,19.6,18.530001000000002,19.4,19.4,492400,1.0453
2017-08-30,18.5,18.65,18.322001,18.540001,18.540001,281300,1.0131
2017-08-29,18.219998999999998,18.629998999999998,18.18,18.52,18.52,264300,1.0176
2017-08-28,18.5,18.67,18.18,18.559998999999998,18.559998999999998,210300,1.0545
2017-08-25,18.200001,18.389999,18.200001,18.299999,18.299999,241400,1.0362
2017-08-24,17.700001,18.309998999999998,17.6,18.200001,18.200001,391400,1.0563
2017-08-23,17.5,17.780001000000002,17.5,17.6,17.6,178300,1.0069
2017-08-22,17.32,17.74,17.298,17.66,17.66,290600,1.0063
2017-08-21,17.469998999999998,17.469998999999998,17.0,17.23,17.23,216800,0.9626
2017-08-18,17.459999,17.690001000000002,17.24,17.48,17.48,264100,0.9909
2017-08-17,17.77,17.950001,17.540001,17.549999,17.549999,166700,0.9832
2017-08-16,17.700001,18.030001000000002,17.530001000000002,17.9,17.9,245600,1.045
2017-08-15,17.940001000000002,18.1,17.639999,17.639999,17.639999,345700,1.0444
2017-08-14,17.23,18.139999,17.23,17.85,17.85,515900,1.0324
2017-08-11,16.68,17.190001000000002,16.65,17.129998999999998,17.129998999999998,225300,0.9902
2017-08-10,17.139999,17.299999,16.85,16.889999,16.889999,422100,0.9757
2017-08-09,17.1,17.309998999999998,17.0,17.290001,17.290001,275500,1.0012
2017-08-08,17.4,17.59,17.15,17.299999,17.299999,205400,1.0023
2017-08-07,17.299999,17.52,17.02,17.309998999999998,17.309998999999998,223400,1.0058
2017-08-04,17.34,17.351,17.08,17.27,17.27,274400,1.0123
2017-08-03,17.200001,17.372999,17.0,17.26,17.26,297600,1.0006
2017-08-02,17.049999,17.280001000000002,16.77,17.209999,17.209999,461500,0.9493
2017-08-01,17.5,17.5,16.440001000000002,17.059998999999998,17.059998999999998,605600,0.9584
2017-07-31,18.200001,18.211,17.200001,17.25,17.25,667500,0.9274
2017-07-28,17.73,18.33,17.26,18.129998999999998,18.129998999999998,990000,0.9567
2017-07-27,18.51,18.65,17.129998999999998,17.799999,17.799999,1408500,0.9493
2017-07-26,18.99,19.042999,18.379998999999998,18.6,18.6,1006800,1.0192
2017-07-25,18.85,19.09,18.771,18.950001,18.950001,380000,1.008
2017-07-24,18.24,18.9,18.1,18.75,18.75,550800,0.9984
2017-07-21,18.799999,18.870001000000002,17.959999,18.25,18.25,724400,1.0
2017-07-20,18.74,19.101,18.67,18.799999,18.799999,564200,1.0433
2017-07-19,18.35,19.25,18.162001,18.780001000000002,18.780001000000002,982500,1.1041
2017-07-18,17.93,18.34,17.582001,18.25,18.25,649700,1.1041
2017-07-17,17.07,18.15,17.040001,18.02,18.02,552600,1.0928
2017-07-14,16.379998999999998,17.15,16.379998999999998,17.01,17.01,576400,1.041
2017-07-13,16.59,16.74,16.16,16.530001000000002,16.530001000000002,342400,1.0085
2017-07-12,16.5,16.77,16.42,16.49,16.49,423900,0.9898
2017-07-11,16.25,16.5,16.023001,16.34,16.34,756200,0.9921
2017-07-10,16.629998999999998,16.85,16.27,16.389999,16.389999,402300,1.0321
2017-07-07,16.59,16.700001,16.209999,16.66,16.66,405400,1.0518
2017-07-06,15.85,16.860001,15.85,16.469998999999998,16.469998999999998,661800,1.0281
2017-07-05,15.9,16.049999,15.79,15.88,15.88,668500,1.0128
2017-07-03,16.02,16.200001,15.822,15.84,15.84,230000,1.0
2017-06-30,15.59,16.200001,15.56,16.02,16.02,703700,1.0012
2017-06-29,15.93,15.93,15.4,15.68,15.68,744000,0.9661
2017-06-28,16.049999,16.200001,15.81,15.84,15.84,627700,0.9688
2017-06-27,16.32,16.42,15.9,16.0,16.0,721800,0.9569
2017-06-26,16.280001000000002,16.709999,16.219998999999998,16.23,16.23,733500,0.9536
2017-06-23,16.59,16.690001000000002,16.16,16.35,16.35,2390600,0.9445
2017-06-22,17.01,17.134001,16.35,16.719998999999998,16.719998999999998,1150000,0.9571
2017-06-21,17.360001,17.459999,16.860001,17.02,17.02,962000,0.9782
2017-06-20,17.5,17.629,17.155001000000002,17.309998999999998,17.309998999999998,1026900,1.0745
2017-06-19,17.700001,17.781,17.040001,17.469998999999998,17.469998999999998,1607400,1.035
2017-06-16,16.07,17.41,16.0,17.4,17.4,2319700,0.977
2017-06-15,16.360001,16.74,15.86,16.110001,16.110001,1458800,0.8718
2017-06-14,17.93,17.987,16.754,16.879998999999998,16.879998999999998,2122200,0.8697
2017-06-13,18.690001000000002,19.07,17.75,17.809998999999998,17.809998999999998,1876300,0.7747
2017-06-12,19.530001000000002,19.530001000000002,18.309998999999998,18.48,18.48,1915000,0.8173
2017-06-09,20.0,20.5,19.056998999999998,19.41,19.41,7658900,0.86
2017-06-08,22.799999,23.110001,22.48,22.99,22.99,1975500,1.0191
2017-06-07,22.780001000000002,23.0,22.4,22.610001,22.610001,833900,0.9886
2017-06-06,22.5,23.32,22.389999,22.57,22.57,923900,1.0325
2017-06-05,22.67,23.159,22.4,22.559998999999998,22.559998999999998,467500,1.0872
2017-06-02,21.950001,23.0,21.85,22.870001000000002,22.870001000000002,769800,1.0632
2017-06-01,20.84,21.9,20.549999,21.860001,21.860001,501400,0.9807
2017-05-31,21.549999,21.629998999999998,20.32,20.75,20.75,679300,0.928
2017-05-30,22.389999,22.584999,21.5,21.51,21.51,446800,0.9539
2017-05-26,22.389999,22.5,22.120001000000002,22.290001,22.290001,267900,1.0324
2017-05-25,22.629998999999998,23.018,21.9,22.360001,22.360001,590900,1.0693
2017-05-24,21.549999,23.35,21.450001,22.549999,22.549999,1185400,1.1269
2017-05-23,21.040001,21.799999,20.959999,21.59,21.59,912800,1.0736
2017-05-22,20.02,21.15,19.82,20.91,20.91,726000,1.0403
2017-05-19,20.120001000000002,20.35,19.65,20.01,20.01,689800,0.9542
2017-05-18,20.1,20.879998999999998,19.91,20.110001,20.110001,687000,0.9419
2017-05-17,20.790001,20.82,19.799999,20.1,20.1,985700,0.9663
2017-05-16,21.65,23.08,20.84,20.969998999999998,20.969998999999998,1445800,1.0517
2017-05-15,21.0,21.5,20.503,21.35,21.35,1189500,1.068
2017-05-12,19.879998999999998,20.879998999999998,19.65,20.799999,20.799999,672500,1.0374
2017-05-11,20.01,20.08,19.531,19.940001000000002,19.940001000000002,494600,1.0179
2017-05-10,20.17,20.5,19.85,19.99,19.99,730900,1.001
2017-05-09,19.65,20.23,19.629998999999998,20.049999,20.049999,624300,1.024
2017-05-08,20.26,20.280001000000002,19.540001,19.59,19.59,781600,0.9737
2017-05-05,20.049999,20.66,19.32,19.969998999999998,19.969998999999998,1055100,1.0859
2017-05-04,21.1,22.02,19.25,19.58,19.58,3256400,1.0764
2017-05-03,18.309998999999998,20.120001000000002,18.209999,20.120001000000002,20.120001000000002,1520100,1.1116
2017-05-02,18.370001000000002,18.49,18.1,18.389999,18.389999,720200,
2017-05-01,18.969998999999998,19.09,18.16,18.190001000000002,18.190001000000002,1728700,
2017-04-28,17.799999,19.33,17.73,18.1,18.1,14871500,
